{
  "token_acc":1.0,
  "cats_score":0.9798875535,
  "speed":22467.6637875779,
  "cats_f_per_type":{
    "RELEVANT":{
      "p":0.9690210657,
      "r":0.9775,
      "f":0.973242066
    },
    "IRRELEVANT":{
      "p":0.988700565,
      "r":0.984375,
      "f":0.986533041
    }
  },
  "cats_auc_per_type":{
    "RELEVANT":0.9980039063,
    "IRRELEVANT":0.9980039062
  }
}