{
  "token_acc":1.0,
  "cats_score":0.8643159536,
  "speed":11390.3435138668,
  "cats_f_per_type":{
    "RELEVANT":{
      "p":0.8163771712,
      "r":0.8225,
      "f":0.8194271482
    },
    "IRRELEVANT":{
      "p":0.9109159348,
      "r":0.9075,
      "f":0.9092047589
    }
  },
  "cats_auc_per_type":{
    "RELEVANT":0.948265625,
    "IRRELEVANT":0.948265625
  }
}