{
  "token_acc":1.0,
  "cats_score":0.8764849114,
  "speed":19442.0738973001,
  "cats_f_per_type":{
    "RELEVANT":{
      "p":0.8439897698,
      "r":0.825,
      "f":0.8343868521
    },
    "IRRELEVANT":{
      "p":0.913473424,
      "r":0.92375,
      "f":0.9185829708
    }
  },
  "cats_auc_per_type":{
    "RELEVANT":0.9452125,
    "IRRELEVANT":0.9452109375
  }
}