{
  "token_acc":1.0,
  "cats_score":0.977038421,
  "speed":23672.0700753699,
  "cats_f_per_type":{
    "RELEVANT":{
      "p":0.9687890137,
      "r":0.97,
      "f":0.9693941287
    },
    "IRRELEVANT":{
      "p":0.9849906191,
      "r":0.984375,
      "f":0.9846827133
    }
  },
  "cats_auc_per_type":{
    "RELEVANT":0.9984046875,
    "IRRELEVANT":0.9984046875
  }
}